0.131366,0.145291,0.128471,0.149633,0.169256,0.166165,0.0933067,0.162627,0.0790332,0.0745228,0.0874224,0.11957,0.154236,0.115447,0.169055,0.158693,0.169756,0.147481,0.120804,0.0742611,0.156264,0.143857,0.0760354,0.120288,0.0778285,0.106885,0.129157,0.168642,0.122712,0.171325,0.105058,0.111449,0.120808,-0.00294295,0.14419,0.28447,0.130379,0.221178,0.0991183,0.120144,0.162289,0.156281,0.170338,0.16447,0.143018,0.0773923,0.16916,0.164453,0.122007
-0.0251272,0.100175,0.00534421,0.114646,0.0950159,0.0863625,0.0812633,0.122207,0.0393669,0.0620202,0.0793577,0.0904773,0.0751572,-3.71765e-05,0.120208,0.121681,0.08949,0.104283,-0.0181702,0.063494,0.085039,0.0949696,0.0704006,-0.0170865,0.0505371,0.0425941,0.0763223,0.089234,0.0311936,0.113666,0.0276022,0.0583845,0.0194296,-0.249635,0.0943493,0.187235,0.0907818,0.17173,0.0847677,0.0892726,0.0873742,0.0811157,0.103089,0.116817,0.0949145,0.0702191,0.120712,0.117495,-0.0288424
0.134438,0.193839,0.0808727,0.189469,0.147064,0.157855,0.145509,0.162003,0.209381,0.166208,0.144761,0.167131,0.179461,0.165281,0.166116,0.159643,0.148469,0.192393,0.196587,0.16453,0.177289,0.190939,0.147623,0.196729,0.204821,0.160509,0.164612,0.14899,0.166452,0.14292,0.159834,0.155567,0.171902,-0.0587517,0.19129,0.1339,0.180495,0.170607,0.148336,0.166169,0.175044,0.180732,0.146421,0.151764,0.189433,0.148821,0.166872,0.152392,0.123051
0.139194,0.211271,0.175326,0.203827,-0.0433314,-0.0185735,0.190075,-0.0492342,0.148634,0.180145,0.190219,0.202219,0.131191,0.0589649,-0.0455067,-0.0532452,-0.0408283,0.210328,0.0809556,0.179668,0.101472,0.213631,0.196775,0.0811534,0.167424,0.0118675,-0.00603031,-0.0404361,0.154948,-0.0545551,0.0266758,0.00453952,0.156994,-0.0148238,0.214406,0.114464,0.209902,0.134271,0.191616,0.203075,0.0401219,0.117083,-0.0477264,-0.0580006,0.212715,0.197812,-0.0458411,-0.0580258,0.146916
0.135055,0.245811,0.205323,0.252121,0.2939,0.28602,0.257473,0.300685,0.300268,0.282282,0.260531,0.250332,0.282222,0.336112,0.303249,0.297304,0.293462,0.246593,0.315898,0.283357,0.288202,0.243968,0.27272,0.316135,0.294136,0.341659,0.325267,0.293516,0.236573,0.295806,0.338308,0.338355,0.215411,-0.217997,0.244754,0.345557,0.249416,0.389782,0.255523,0.250856,0.285673,0.286069,0.295143,0.294685,0.243966,0.27235,0.303272,0.294945,0.128316
0.0483022,0.0655801,0.038582,0.062045,0.0724354,0.0675392,0.0267478,0.113281,0.021951,0.0203404,0.025442,0.0471067,0.0713367,0.022968,0.117756,0.113093,0.070255,0.0648517,0.0285545,0.0212212,0.0681739,0.0649048,0.0217879,0.0283899,0.0221412,0.0135265,0.0393818,0.0702956,0.0883261,0.0788779,0.0126424,0.0203981,0.0879677,0.0228858,0.0643162,0.122014,0.0569885,0.1877,0.0310827,0.0473759,0.0597635,0.0695368,0.0708608,0.0987998,0.0649002,0.0225234,0.116851,0.0996013,0.0634096
0.0130311,0.0709771,0.0707261,0.0787173,0.0735657,0.0722487,0.164578,0.103442,0.0892202,0.121953,0.164031,0.108358,0.0889917,0.087997,0.103731,0.0990677,0.0736437,0.072502,0.0861249,0.122233,0.0833066,0.0731213,0.13094,0.087332,0.0990217,0.0942588,0.103514,0.0744766,0.0910868,0.0772749,0.0919408,0.0936821,0.0789775,0.0257653,0.0732567,0.175003,0.085662,0.112585,0.150416,0.108703,0.0749264,0.0876807,0.0709703,0.090711,0.0721931,0.130929,0.104034,0.0904614,0.0358888
0.0131364,0.022318,0.00995815,0.0377475,-0.0665476,-0.0811054,0.0550697,0.00924322,0.0586878,0.07628,0.0604391,0.0343618,0.0482788,0.043199,0.00982062,0.00495529,-0.0815627,0.0267186,0.0387035,0.0750729,0.0520305,0.0217121,0.0829347,0.0390588,0.0679592,0.0563865,0.0594008,-0.081688,0.0332175,-0.0168295,0.048356,0.0639773,0.00593662,-0.0425807,0.0225794,0.0904975,0.0285931,0.117867,0.0484007,0.0345083,-0.00765299,0.050177,-0.0455749,-0.00633308,0.0215889,0.0831779,0.0103835,-0.00604198,0.0415536
0.0241009,0.14515,0.070282,0.155773,0.116796,0.118528,0.121443,0.108394,0.0545577,0.0840471,0.116353,0.132913,0.145746,0.0514353,0.109697,0.109322,0.114667,0.147531,0.010217,0.0855941,0.14643,0.140707,0.0961536,0.0115283,0.0662614,0.135593,0.120966,0.114624,0.11422,0.129284,0.124145,0.126639,0.103845,0.0958331,0.142077,0.210285,0.135513,0.155747,0.125122,0.133247,0.133776,0.145694,0.123724,0.11766,0.140721,0.0970516,0.110529,0.117261,0.0539125
0.16945,0.0866251,0.174756,0.103855,0.201649,0.196971,0.096912,0.228819,0.240479,0.168036,0.104302,0.081841,0.217207,0.271917,0.23196,0.22711,0.200948,0.0911994,0.278927,0.169322,0.213957,0.0815532,0.138251,0.278897,0.20345,0.26924,0.25181,0.200518,0.206021,0.218314,0.270336,0.261969,0.201533,0.0485619,0.0831752,0.346267,0.0825715,0.325487,0.090846,0.0817609,0.202127,0.218905,0.204721,0.223111,0.0827971,0.139168,0.231807,0.221963,0.150836
0.0278008,0.130981,0.023422,0.137649,0.0977929,0.0776826,0.0570011,0.145905,0.00424958,0.0117221,0.0480665,0.0973789,0.0407853,-0.0398975,0.12207,0.156287,0.0915519,0.132744,-0.0306186,0.0121475,0.0521246,0.124815,0.020168,-0.0317512,0.00945056,-0.0635615,-0.0523978,0.0909928,0.0407755,0.118383,-0.0559331,-0.0668857,0.0219816,0.0212061,0.123855,0.27936,0.113169,0.227455,0.0686278,0.0966023,0.0685764,0.0470562,0.103724,0.138513,0.124591,0.0200674,0.122926,0.138506,0.067195
-0.164524,0.117633,-0.0908071,0.122153,0.0797438,0.0753432,0.154231,0.102748,0.123081,0.126244,0.149072,0.142854,0.073968,0.144761,0.104183,0.101592,0.0780279,0.118495,0.124549,0.126381,0.0761537,0.119825,0.118733,0.124842,0.126326,0.13603,0.117839,0.0776533,0.0601637,0.0869427,0.142257,0.127975,0.00829261,-0.0418632,0.118452,0.0933286,0.128279,0.141226,0.155099,0.141993,0.0818876,0.076441,0.0812925,0.0943761,0.119711,0.117979,0.105199,0.0948698,-0.0816255
0.093794,0.230372,0.142049,0.229242,0.16859,0.162056,0.181095,0.131505,0.193842,0.167347,0.174517,0.205775,0.164602,0.173563,0.127173,0.135894,0.164136,0.229483,0.216187,0.166141,0.163576,0.228578,0.159323,0.215361,0.181751,0.118142,0.106324,0.164375,0.154208,0.157862,0.132905,0.11026,0.152765,0.0996417,0.230133,0.230528,0.219527,0.209117,0.186412,0.206248,0.160755,0.163267,0.166328,0.147762,0.228489,0.161038,0.127082,0.147426,0.0728503
0.0276595,0.110266,-8.58588e-05,0.0984971,0.0944346,0.0699718,0.125472,0.0434469,0.109404,0.144679,0.133352,0.116794,0.0597895,0.0437927,0.0403888,0.0421685,0.0877909,0.106829,0.0420271,0.144369,0.0630428,0.115671,0.158861,0.0408583,0.128643,0.0518554,0.0590862,0.0882197,0.0385374,0.0892368,0.0462158,0.0591572,0.0405616,0.0200223,0.116601,0.0693958,0.117947,0.189348,0.121167,0.11799,0.0603659,0.0633795,0.114595,0.0570675,0.114532,0.160061,0.0408084,0.0568067,0.0456732
0.0283032,0.172089,0.0118825,0.165456,0.0910654,0.0729687,0.0995877,0.00723939,0.0549819,0.0741746,0.0949102,0.132077,0.0478664,-0.00507023,-0.00312279,0.0146106,0.0884909,0.172652,0.016041,0.0735848,0.0521839,0.168766,0.08323,0.0158829,0.0650332,-0.046277,-0.0448849,0.0887499,0.0364795,0.0809329,-0.0350811,-0.0468194,0.0236292,-0.0102818,0.168406,0.191353,0.153185,0.24814,0.106427,0.133007,0.0578745,0.0497283,0.109176,0.0411818,0.168993,0.0834152,-0.00319021,0.0410881,-0.0206281
0.0873479,0.184118,0.0956121,0.187919,0.176104,0.178991,0.118658,0.00779517,0.0806145,0.0806248,0.111629,0.155587,0.166792,0.0618226,-0.000747302,0.0158853,0.172498,0.185689,0.0827125,0.0809432,0.174154,0.180958,0.0895516,0.0821062,0.0817937,-0.00695768,-0.0381107,0.173013,0.152385,0.079323,0.0193,-0.0255831,0.129132,0.0884118,0.180473,0.109305,0.16858,0.0823243,0.129478,0.157027,0.180455,0.171701,0.146604,0.0463959,0.180663,0.0889604,-0.00110909,0.0461759,0.0885015
0.0707852,0.179402,0.119955,0.19348,0.211339,0.210242,0.266326,0.220893,0.236591,0.254218,0.270807,0.215158,0.197909,0.240911,0.222464,0.217774,0.212494,0.183489,0.247128,0.25499,0.199658,0.179264,0.255102,0.248071,0.242514,0.245079,0.239492,0.212534,0.185972,0.221702,0.244537,0.239381,0.157696,-0.0847337,0.179002,0.10885,0.194271,0.131976,0.256114,0.214137,0.20898,0.200525,0.213194,0.21947,0.178469,0.254653,0.223739,0.218318,0.056107
0.0688053,0.0147583,0.0720933,0.0156866,0.0733234,0.113284,0.0295175,0.0358097,0.0472189,0.0390931,0.0309776,0.026303,0.12671,0.0349943,0.0346268,0.0354105,0.0879684,0.0155551,0.0590049,0.0393374,0.126681,0.0155146,0.027289,0.0595662,0.0496074,0.0348321,0.0330312,0.0879762,0.118807,0.0505729,0.0316623,0.0335738,0.11602,0.0196584,0.0153487,-0.033982,0.020501,-0.0485846,0.0283712,0.0257473,0.124732,0.128378,0.0606497,0.0432745,0.0163752,0.0274331,0.0349061,0.043042,0.0766655
0.050604,0.0133487,0.0283423,0.00197949,0.0454545,0.0553497,0.0348833,0.0795519,0.0259317,0.0383451,0.0370093,0.0244724,0.0671735,-0.00598782,0.0811046,0.0780315,0.0437814,0.0110057,0.00376467,0.037379,0.068316,0.0192327,0.043401,0.00374503,0.0342527,-0.0194246,0.0102255,0.0420295,0.0529909,0.0429159,-0.0206772,-0.0178838,0.0507996,-0.167379,0.0191757,0.091908,0.022259,0.265136,0.0299808,0.0251082,0.0670447,0.069567,0.0422829,0.0625454,0.0179249,0.0444706,0.0817708,0.0629771,0.0573477
0.175683,0.104415,0.139727,0.126113,0.24115,0.230972,0.226057,0.263196,0.212715,0.231674,0.233327,0.162058,0.244527,0.245182,0.267698,0.257964,0.239118,0.110507,0.233156,0.232728,0.24241,0.105866,0.236116,0.233515,0.216133,0.254361,0.261354,0.239796,0.224674,0.252584,0.249168,0.250833,0.20595,-0.0634976,0.104878,0.162595,0.131466,0.185343,0.210747,0.161334,0.235071,0.244562,0.245886,0.25614,0.105553,0.237199,0.268719,0.25485,0.176142
0.138403,0.224854,0.117109,0.233843,0.0631963,0.0451155,0.173022,0.109968,0.101557,0.134334,0.167569,0.200156,0.0177019,0.0632838,0.109159,0.111759,0.0557561,0.228466,0.0571732,0.133322,0.0117021,0.222016,0.149064,0.0568202,0.11778,0.0877525,0.113317,0.0560263,0.168665,0.0933321,0.0757701,0.104399,0.136605,0.0413837,0.221851,0.191935,0.21139,0.173287,0.179832,0.200092,0.0222142,0.00835712,0.0722577,0.104751,0.22085,0.149915,0.108191,0.105199,0.180796
0.157146,-0.0779811,0.143339,-0.0575941,0.206171,0.306854,-0.0267853,0.0440413,0.0104084,0.0199775,-0.01556,-0.0603839,0.232101,0.0185071,0.0404521,0.0428251,0.258095,-0.071814,0.012269,0.0184491,0.252494,-0.0784667,0.0237969,0.0129989,0.0149814,0.0399595,0.0590649,0.257842,0.233625,0.089051,0.0270244,0.0512287,0.21103,0.0189119,-0.077164,0.911209,-0.0701615,0.901324,-0.0365788,-0.0596995,0.271788,0.24319,0.146155,0.0600502,-0.0783893,0.0237916,0.0416248,0.0597844,0.108267
0.139243,0.074098,0.133603,0.0642713,0.177783,0.179817,0.0481123,0.158203,0.13109,0.0686105,0.0465009,0.0641783,0.176663,0.214731,0.1575,0.157732,0.178481,0.0707297,0.200098,0.0701422,0.176944,0.0744939,0.0507919,0.199872,0.0955317,0.196124,0.170282,0.177826,0.126307,0.185719,0.200944,0.193475,0.117616,0.0321407,0.0745921,-0.0463685,0.0712456,0.0621182,0.0525394,0.0639868,0.174053,0.177078,0.181143,0.168494,0.076143,0.0492614,0.157633,0.168366,0.158166
0.539693,0.530434,0.588334,0.534665,0.609159,0.604694,0.625291,0.641391,0.628833,0.630952,0.627416,0.578298,0.591921,0.71062,0.643189,0.639572,0.610097,0.531658,0.696099,0.630911,0.588693,0.53348,0.62451,0.697412,0.624746,0.695392,0.670384,0.610123,0.594367,0.622866,0.70165,0.684654,0.569546,0.189101,0.533356,0.480742,0.554449,0.480993,0.614887,0.577822,0.589677,0.591603,0.608328,0.634589,0.533555,0.62434,0.645138,0.633102,0.549399
0.226176,0.380526,0.21094,0.392891,0.134176,0.124063,0.298051,0.166803,0.208091,0.2434,0.289246,0.342017,0.142908,0.155207,0.167754,0.163958,0.12855,0.38406,0.148344,0.2426,0.126792,0.374248,0.261558,0.148709,0.225939,0.1806,0.196451,0.129078,0.233082,0.154089,0.168801,0.192927,0.230361,0.077808,0.375225,0.292514,0.359127,0.308392,0.309806,0.342045,0.117146,0.132224,0.138643,0.158192,0.373166,0.26315,0.167278,0.157878,0.165137
-0.443844,0.117035,-0.112816,0.100117,0.0108831,0.0127165,0.10286,0.0140581,0.0753009,0.0853985,0.0993957,0.117075,0.0444614,0.0703316,0.014481,0.014357,0.00836395,0.11237,0.0745682,0.0841232,0.0484597,0.122418,0.0923647,0.0743021,0.0788914,0.0545208,0.0489363,0.00883073,-0.00193196,0.0159007,0.0581539,0.058163,-0.033684,0.0171912,0.122741,0.162238,0.120128,0.196207,0.106443,0.116797,0.032771,0.0473504,0.0120766,0.014465,0.12206,0.0918066,0.0131718,0.0141502,-0.612416
-0.0298203,0.126997,-0.0404111,0.138752,-0.0278644,-0.044968,0.0967515,-0.00368692,0.0466974,0.0689291,0.092967,0.112456,-0.100895,0.0227144,-0.00443829,-0.00359883,-0.032657,0.130328,0.0216433,0.0685591,-0.0997495,0.12451,0.0787799,0.0207262,0.0591878,0.025363,0.0293923,-0.0322262,-0.0621067,-0.00773801,0.021585,0.0330324,-0.0550765,-0.074739,0.124313,0.10611,0.11739,0.1214,0.1002,0.112065,-0.0770204,-0.102288,-0.0223734,-0.00485083,0.123628,0.0801881,-0.00411282,-0.00593234,-0.0170999
0.187219,0.134443,0.166312,0.13828,0.208429,0.219379,0.14839,0.203678,0.209607,0.172913,0.150117,0.138766,0.230009,0.230503,0.203204,0.203849,0.213292,0.13472,0.224733,0.173171,0.227984,0.133821,0.155965,0.225585,0.197189,0.230307,0.21887,0.212543,0.205318,0.201729,0.233101,0.224679,0.194563,0.127008,0.133782,0.15023,0.136328,0.16532,0.146876,0.138813,0.229361,0.231357,0.202884,0.203569,0.133174,0.155574,0.204334,0.202602,0.204985
-0.0474323,0.212928,-0.0143539,0.233979,0.0567123,0.0575497,0.17121,0.0169655,0.145126,0.166957,0.172753,0.189058,0.0470464,0.0596367,0.0139866,0.0151426,0.0522661,0.221022,0.0813009,0.165581,0.0515002,0.209089,0.175428,0.0801457,0.161545,0.0351884,0.0368438,0.0525887,0.0449453,0.0360707,0.0385594,0.0372664,0.0231086,-0.0160815,0.208703,0.142587,0.196899,0.135149,0.174499,0.188738,0.0656249,0.0500628,0.0524757,0.0211276,0.208002,0.176523,0.0150569,0.02204,-0.0769134
0.143434,0.144189,0.08693,0.152264,0.167308,0.153249,0.103308,0.206201,0.0805006,0.0846494,0.100073,0.124229,0.139426,0.0847694,0.208893,0.206026,0.161977,0.147677,0.077488,0.0855233,0.147802,0.141964,0.0887566,0.0772819,0.0834282,0.112308,0.144558,0.160225,0.0824842,0.180617,0.0981893,0.124094,0.0591803,0.0597522,0.141545,0.167114,0.133691,0.138432,0.109076,0.125096,0.156529,0.145253,0.170367,0.195263,0.141587,0.0889755,0.209239,0.195035,0.152611
0.104946,0.0771114,0.0580097,0.0769047,0.131151,0.11351,0.0767713,0.127685,0.131125,0.107727,0.0802859,0.0745587,0.0762332,0.163074,0.133209,0.123113,0.131972,0.0783879,0.156721,0.108221,0.0706336,0.0762232,0.0944951,0.156615,0.122004,0.163727,0.156924,0.132781,0.07923,0.126333,0.164485,0.158948,0.0737537,0.032976,0.0765308,0.0169495,0.0774336,-0.101569,0.0758617,0.0744373,0.0802913,0.0750898,0.128314,0.125928,0.076377,0.0931549,0.133775,0.125614,0.0785476
-0.0255713,-0.0303182,-0.0212212,-0.0288932,0.087379,0.100736,0.0424015,0.0783955,0.0121702,0.023117,0.0402281,0.00899519,0.0815826,0.0266161,0.0776203,0.0818489,0.094586,-0.0311612,0.0222375,0.0236914,0.0886415,-0.0279161,0.0251156,0.0234197,0.0138815,0.0527291,0.0650073,0.0942836,0.0730804,0.0846026,0.042331,0.0580223,0.0452689,-0.141117,-0.0297779,0.00325521,-0.0132483,0.00240695,0.0384362,0.00803629,0.0971452,0.0858268,0.0817267,0.085586,-0.0274936,0.024415,0.077474,0.0852203,0.00203099
0.136976,0.187784,0.188566,0.178594,0.286426,0.286947,0.331187,0.33094,0.313122,0.315255,0.332748,0.249723,0.295176,0.297503,0.33351,0.326859,0.288149,0.183481,0.324632,0.316653,0.291581,0.194563,0.308222,0.324598,0.31069,0.303987,0.317012,0.288001,0.294696,0.293778,0.298798,0.300984,0.266966,-0.0942018,0.192455,0.180044,0.22096,0.224438,0.312452,0.248988,0.286416,0.294203,0.285883,0.311557,0.194467,0.30695,0.332977,0.311663,0.129609
-0.0234896,-0.0480582,0.0353159,-0.0508219,0.0914822,0.0735641,0.0509476,0.115585,0.0976275,0.09593,0.068678,-0.00550007,0.0495237,0.12006,0.122197,0.112538,0.0919215,-0.0483438,0.119461,0.0964276,0.0473317,-0.0431026,0.0860842,0.119084,0.0939579,0.120855,0.119348,0.0928146,0.0649945,0.102867,0.12181,0.116445,0.062573,-0.0246638,-0.0446859,-0.0279239,-0.0261765,0.0215815,0.0372799,-0.00645728,0.0441863,0.0500329,0.0969747,0.109214,-0.0431153,0.0853778,0.122618,0.108337,0.0300374
0.113846,0.022404,0.0834168,0.0220493,0.184689,0.162958,0.040436,0.238121,0.0576451,0.0540646,0.0422523,0.0307222,0.158383,0.15585,0.239591,0.233987,0.176795,0.0211299,0.104857,0.05447,0.167681,0.023172,0.0541618,0.105119,0.0552891,0.247257,0.23582,0.17651,0.103847,0.209649,0.23508,0.235572,0.0945067,0.12506,0.0240845,0.230627,0.0273594,0.265936,0.0381174,0.030837,0.167025,0.163383,0.193622,0.222606,0.0232176,0.0541808,0.239749,0.222934,0.0633025
0.0604237,0.200938,0.108021,0.215733,0.19973,0.192242,0.180316,0.224284,0.267603,0.2034,0.180448,0.188384,0.173298,0.255819,0.228515,0.220479,0.200578,0.204856,0.273468,0.203251,0.173944,0.196267,0.179877,0.272571,0.246619,0.251521,0.245015,0.200524,0.163491,0.203035,0.254683,0.244704,0.145749,0.0173465,0.196084,0.247234,0.192056,0.187235,0.181901,0.188328,0.179158,0.174038,0.200021,0.213621,0.196645,0.180054,0.229918,0.213169,0.0235014
0.0311219,0.0855294,0.0189028,0.0533237,-0.0453758,-0.0684302,0.0421274,0.000135053,0.0676956,0.0537252,0.0419945,0.0674278,-0.115116,0.0544894,0.00123706,-0.00121544,-0.0555085,0.0758439,0.0774417,0.0531003,-0.114811,0.0912444,0.0476218,0.0768863,0.0630944,0.0332519,0.031355,-0.056047,0.0272224,-0.020981,0.0345564,0.0382544,0.0211238,-0.10281,0.0923099,0.108427,0.0849753,0.0842661,0.0461228,0.0683616,-0.0968235,-0.120284,-0.0346403,-0.011867,0.09209,0.0479197,0.00087002,-0.0121437,0.0463544
0.0338219,-0.0125568,0.0315016,-0.0150346,0.0705356,0.0879843,0.0701246,0.010451,-0.0264108,0.0230614,0.0594087,0.0469652,0.0934089,0.0199071,0.00781712,0.0112081,0.0818893,-0.0132561,-0.0146863,0.0216921,0.0889439,-0.00646426,0.0417433,-0.0141455,-0.0137497,0.0410667,0.0320779,0.0819867,0.0573423,0.0523819,0.0356846,0.0412312,0.0584509,0.00951264,-0.00646102,-0.0249627,0.0136426,-0.0810998,0.0727867,0.0460497,0.0858088,0.0952197,0.0651527,0.028583,-0.00647079,0.0406235,0.00902407,0.0282629,-0.0324587
0.0767512,0.120683,0.0916665,0.103179,0.145482,0.133375,0.128225,0.179081,0.209032,0.1627,0.130282,0.129311,0.112064,0.210865,0.183197,0.179221,0.143023,0.114487,0.220034,0.163024,0.107168,0.125558,0.144328,0.219132,0.185324,0.194174,0.185462,0.142561,0.112439,0.161806,0.198598,0.1918,0.103674,0.112921,0.125605,0.180075,0.12817,0.200156,0.12861,0.129491,0.106753,0.108941,0.147336,0.173574,0.126569,0.143739,0.182079,0.173151,0.0569906
0.130592,0.0709827,0.111487,0.0664767,0.144513,0.153861,0.056006,0.150532,0.102431,0.0700649,0.0544527,0.0639743,0.154092,0.102815,0.148102,0.152522,0.146438,0.0689263,0.111856,0.0701092,0.152701,0.0700388,0.0549161,0.112124,0.0890273,0.103563,0.115851,0.14543,0.131901,0.1322,0.101281,0.101817,0.11464,-0.0283098,0.0706696,0.220588,0.0681263,0.12782,0.0579394,0.0643006,0.151688,0.152569,0.136608,0.14395,0.0703264,0.0547938,0.148531,0.144144,0.0929444
0.124102,0.0195464,0.134965,-0.0209473,0.175549,0.173752,0.217727,0.189669,0.152901,0.179021,0.209288,0.11978,0.157517,0.182727,0.187891,0.187551,0.177604,0.00548573,0.173806,0.179374,0.158614,0.0367322,0.188914,0.174464,0.153132,0.20117,0.203049,0.176061,0.135656,0.192708,0.194954,0.202654,0.142424,0.0813167,0.0351602,0.192428,0.0792782,-0.0348085,0.197954,0.119519,0.160524,0.157889,0.179351,0.191543,0.0364326,0.187989,0.188685,0.191499,0.123181
0.173023,0.0733555,0.122196,0.0875219,0.0865818,0.098675,0.0149624,0.0700135,0.0739148,0.0234124,0.0104916,0.0405635,0.0985573,0.0771119,0.069834,0.069542,0.0936411,0.0789184,0.0799544,0.0231023,0.09303,0.0664104,0.00337637,0.0796012,0.0552256,0.0756643,0.0764765,0.0933287,0.096304,0.0707413,0.0727633,0.0736976,0.100005,0.0522289,0.066519,-0.0307668,0.0542183,-0.00138955,0.0194083,0.0407419,0.0916535,0.0973562,0.0796729,0.0717882,0.0652306,0.00294242,0.0700263,0.0711476,0.200626
-0.0114146,0.0474533,0.0188686,0.0489531,-0.0373931,0.0297008,0.0311935,-0.0865801,0.0255489,0.0350535,0.0318618,0.0367781,0.0876465,-0.0080414,-0.0843593,-0.0927647,-0.0178444,0.0492299,0.0047057,0.0333764,0.0926438,0.0480892,0.0361609,0.0039141,0.0318889,-0.0233436,-0.0307591,-0.0190123,0.0463562,-0.0726673,-0.0206095,-0.0244509,0.036748,0.0399508,0.0490871,0.223074,0.0424156,0.238202,0.0312593,0.0373072,0.10346,0.091126,-0.056792,-0.0875429,0.0470317,0.0385449,-0.0828983,-0.0893133,-0.0823581
0.218083,0.368679,0.24041,0.389796,0.128406,0.102319,0.3117,0.174177,0.240662,0.268294,0.305237,0.340423,0.0638928,0.169758,0.17597,0.171589,0.117944,0.376694,0.172277,0.267197,0.0610664,0.362894,0.280209,0.172501,0.256468,0.180517,0.194369,0.117453,0.174734,0.155571,0.173497,0.189675,0.249746,-0.076159,0.363208,0.334341,0.35081,0.287361,0.319824,0.34094,0.0794211,0.0587527,0.138922,0.163906,0.362521,0.280591,0.175026,0.164492,0.183534
-0.019474,0.0693993,-0.0149113,0.0584311,0.067555,0.0398949,0.0414897,0.0173194,0.0234602,0.0287552,0.0380284,0.0576408,0.0139103,0.0126687,0.0158238,0.0167462,0.0603452,0.0668935,0.0156544,0.0289022,0.0234195,0.0708949,0.0337368,0.0153255,0.02896,0.0185557,0.0323568,0.060038,-0.0149813,0.0474861,0.0121865,0.0269735,-0.0310568,-0.00831734,0.0700481,0.153627,0.0664468,0.145553,0.0450841,0.0581345,0.0281313,0.0205312,0.0707613,0.0278294,0.0700548,0.0347789,0.0170924,0.028034,0.017527
-0.065189,0.149392,0.0587388,0.155192,0.147989,0.151169,0.10336,0.0349514,0.079083,0.0949631,0.10426,0.124169,0.168135,0.00729201,0.0266113,0.041414,0.14036,0.149962,0.0195641,0.0957346,0.176926,0.145447,0.107095,0.0183032,0.0888201,-0.0134479,-0.0111819,0.139804,0.102635,0.101479,-0.00753901,-0.0139852,0.0914282,-0.0137026,0.145098,0.204376,0.134833,0.276064,0.107146,0.125241,0.169231,0.172602,0.146441,0.0691574,0.145983,0.107007,0.0248899,0.0692564,-0.0420231
-0.476426,0.155836,-0.324595,0.160278,-0.0143927,-0.031597,0.144462,0.0138883,0.141604,0.145741,0.142849,0.149415,-0.0956622,0.0979534,0.0139485,0.0129858,-0.0186857,0.157533,0.129549,0.143481,-0.0896618,0.154924,0.145993,0.128709,0.144447,0.0458028,0.0289553,-0.0203709,-0.108071,0.00920554,0.060895,0.0378105,-0.163172,0.0336628,0.154736,0.270552,0.151725,0.252738,0.144891,0.148691,-0.0629922,-0.0927319,-0.00734184,0.0127986,0.153176,0.146892,0.0135862,0.0117826,-0.616283
0.0972692,0.14037,0.0741377,0.136417,-0.0666561,-0.0852681,0.0921485,-0.027465,0.0527304,0.078393,0.0902928,0.115986,-0.136305,-0.00757761,-0.0273014,-0.0307875,-0.072909,0.13911,4.30479e-05,0.0770859,-0.136436,0.140087,0.0877501,0.000157768,0.067285,-0.00325884,0.00543671,-0.0731553,-0.019037,-0.0438264,-0.010178,0.00510516,0.0463064,0.0352307,0.140705,0.0168015,0.129989,0.0671824,0.0956214,0.115187,-0.115355,-0.140441,-0.0599902,-0.0386154,0.139578,0.0890514,-0.0269617,-0.0381559,0.111371
0.100087,0.252118,0.0384188,0.258598,-0.025784,-0.0649206,0.189572,0.0272871,0.157158,0.161228,0.184677,0.224585,-0.137116,0.108846,0.0284192,0.0253701,-0.0426419,0.255289,0.127665,0.159076,-0.126429,0.249733,0.171437,0.126333,0.160048,0.0634812,0.0483931,-0.0430698,-0.133177,0.00863705,0.0766165,0.0583335,-0.138204,0.0768101,0.251379,0.36382,0.240793,0.363133,0.196787,0.224182,-0.0966227,-0.132093,-0.0109818,0.0157885,0.249061,0.173115,0.0271891,0.0168386,0.119695
-0.347691,0.155013,-0.216282,0.152065,0.0365553,0.0203025,0.143821,0.0752584,0.112388,0.13036,0.143582,0.148993,0.0159289,0.0739349,0.0692084,0.0809222,0.027475,0.154642,0.0955113,0.129741,0.0128142,0.155515,0.136918,0.0952998,0.119816,0.0291336,0.0257221,0.0274528,-0.00283848,0.0680757,0.0398811,0.0256304,-0.0723708,0.0183225,0.155265,0.205511,0.150889,0.229048,0.145066,0.149528,0.0122692,0.0143129,0.0474018,0.0807488,0.155313,0.136825,0.0690532,0.0801458,-0.171464
15.8186,25.442,17.3675,25.8222,21.1775,20.6702,24.8134,21.9728,24.0354,24.2158,24.7167,25.1111,19.8174,23.2311,22.052,21.8876,20.9818,25.5648,23.3753,24.2181,20.0198,25.3146,24.3161,23.3745,24.1293,22.8631,22.5673,20.9817,19.4215,21.5983,23.0183,22.7273,18.7359,3.34965,25.3133,43.8639,25.2,46.4543,24.9044,25.1107,20.384,19.9195,21.3904,21.703,25.3151,24.3148,22.0506,21.7041,15.1387
-0.959778,-1.06601,-1.15174,-1.07325,-1.26182,-1.2755,-1.10846,-1.25437,-1.12121,-1.11446,-1.11014,-1.0844,-1.36555,-1.15082,-1.25651,-1.26452,-1.26372,-1.06729,-1.13736,-1.1189,-1.35373,-1.06339,-1.10966,-1.13841,-1.11216,-1.1906,-1.20362,-1.2642,-1.3917,-1.25597,-1.18035,-1.1965,-1.43414,-0.259245,-1.05919,-1.23415,-1.06935,-1.04293,-1.1047,-1.08394,-1.31525,-1.35524,-1.26093,-1.26565,-1.06645,-1.10714,-1.25335,-1.26879,-0.953544
-1.67305,-3.22381,-2.07502,-3.25846,-3.3032,-3.27167,-3.22226,-3.30657,-3.24503,-3.22429,-3.22152,-3.21327,-2.95105,-3.30363,-3.31264,-3.30461,-3.29992,-3.23361,-3.29079,-3.226,-3.03257,-3.20911,-3.21256,-3.29144,-3.23033,-3.3254,-3.32519,-3.29924,-2.78167,-3.29416,-3.32046,-3.32727,-2.51208,0.0350045,-3.20626,-3.54631,-3.20832,-3.61354,-3.22106,-3.21312,-3.16227,-2.99074,-3.30284,-3.29779,-3.2109,-3.20943,-3.31217,-3.29979,-1.60487
-1.89315,-2.77259,-2.10322,-2.77438,-2.82029,-2.84588,-2.78181,-2.76818,-2.76276,-2.75246,-2.77384,-2.77964,-2.8667,-2.76528,-2.76468,-2.77454,-2.83161,-2.77298,-2.76874,-2.75383,-2.87499,-2.76954,-2.74754,-2.76919,-2.75351,-2.74345,-2.71812,-2.83152,-2.682,-2.79353,-2.75971,-2.72727,-2.39348,-0.273924,-2.76807,-4.5158,-2.77535,-4.88985,-2.78391,-2.77972,-2.8621,-2.8732,-2.80929,-2.78969,-2.77101,-2.7461,-2.7642,-2.78978,-1.71906
-1.3884,-4.66001,-1.84062,-4.67443,-2.98923,-2.73958,-4.48137,-3.37733,-4.17557,-4.27311,-4.44981,-4.58597,-2.49009,-3.80142,-3.41118,-3.34148,-2.88573,-4.66581,-3.85063,-4.27377,-2.55834,-4.64778,-4.31993,-3.84984,-4.22636,-3.70725,-3.62544,-2.8877,-2.37528,-3.19624,-3.74824,-3.67674,-2.18624,-0.434025,-4.64779,-5.32325,-4.61755,-5.37306,-4.51191,-4.58566,-2.66004,-2.52157,-3.09963,-3.25305,-4.64782,-4.31959,-3.40866,-3.25595,-1.17525
0.16731,0.132247,0.124715,0.131889,0.165566,0.176649,0.1113,0.18896,0.137637,0.124018,0.112772,0.109338,0.182166,0.177795,0.191785,0.186826,0.169041,0.140758,0.169383,0.124364,0.17966,0.127363,0.111869,0.171158,0.134641,0.180662,0.184167,0.169432,0.176396,0.155531,0.181474,0.174376,0.190981,0.0244902,0.125844,0.026501,0.122432,0.0220749,0.109017,0.108714,0.18,0.182904,0.160242,0.174803,0.12846,0.111157,0.192567,0.174664,0.172026
0.048786,0.241956,0.0815783,0.255115,0.158704,0.182077,0.178322,0.0657345,0.12225,0.136753,0.170431,0.212171,0.183675,0.0730602,0.063153,0.0669997,0.170768,0.244748,0.0757743,0.137632,0.195634,0.23569,0.149663,0.075595,0.13035,0.0709907,0.0706929,0.170904,0.136731,0.0978298,0.0717882,0.0737724,0.104482,-0.0630128,0.235397,0.195738,0.222833,0.229934,0.187896,0.212728,0.197956,0.190074,0.132106,0.0797023,0.236315,0.149476,0.0625114,0.08064,0.0452647
0.150839,0.120122,0.1534,0.132802,0.125962,0.127233,0.0903775,0.152366,0.156127,0.10799,0.0890894,0.103425,0.126992,0.186344,0.153586,0.151289,0.126839,0.123594,0.177666,0.109012,0.125159,0.114189,0.0907214,0.177724,0.13346,0.189424,0.181665,0.127114,0.127399,0.128332,0.185951,0.188578,0.117399,0.159601,0.114017,0.144277,0.108918,0.0711288,0.093517,0.102149,0.128557,0.128588,0.122782,0.141858,0.114594,0.0896186,0.15497,0.1407,0.114857
0.143005,0.179883,0.169272,0.172947,0.141972,0.145098,0.149303,0.0963468,0.0992372,0.113509,0.144443,0.163974,0.139757,0.106126,0.0946237,0.0972638,0.143637,0.178578,0.101567,0.114391,0.140668,0.176165,0.119599,0.101375,0.101539,0.126185,0.130218,0.144087,0.125037,0.13555,0.113974,0.136732,0.127479,0.105592,0.173849,0.0788174,0.169611,-0.045757,0.152416,0.163482,0.142233,0.140879,0.148032,0.111019,0.176474,0.119642,0.0940425,0.110891,0.145127
-0.399128,0.146565,-0.149448,0.159977,-0.0210932,-0.0134502,0.160835,-0.0151265,0.0968495,0.131745,0.158913,0.154241,-0.0259595,0.0519522,-0.015882,-0.016465,-0.0191556,0.150779,0.067831,0.128021,-0.0303546,0.14766,0.144006,0.0678075,0.112948,0.0255836,0.0225353,-0.018458,-0.045067,-0.0179134,0.0287755,0.0253575,-0.0863408,-0.00325243,0.148589,0.302166,0.148632,0.259659,0.159071,0.155244,-0.0266225,-0.0277279,-0.0257541,-0.0174678,0.145883,0.146527,-0.0155015,-0.0184012,-0.540871
0.0385197,-0.0746203,0.057188,-0.0855866,0.170868,0.155112,-0.0595729,0.198216,0.0134041,-0.0279922,-0.0569879,-0.0661236,0.130621,0.202076,0.199457,0.191199,0.170921,-0.0791507,0.158578,-0.0277503,0.137071,-0.0709447,-0.0425794,0.159146,-0.00762743,0.227445,0.209261,0.17139,0.124822,0.183529,0.23611,0.213528,0.106398,-0.0682198,-0.0693178,0.00144251,-0.0645346,0.136173,-0.0610269,-0.0661472,0.141377,0.134736,0.173171,0.188321,-0.0707125,-0.0416373,0.200958,0.186319,-0.069549
-0.09748,0.139147,-0.114236,0.139528,0.0623257,0.0390187,0.112857,0.109389,0.0925985,0.0966653,0.107748,0.128487,0.0592035,0.113984,0.111313,0.111453,0.0520583,0.139228,0.108755,0.0967505,0.0497918,0.138074,0.102323,0.109414,0.091741,0.125837,0.135728,0.0519795,0.0860426,0.0898083,0.119753,0.136328,0.0727423,0.107817,0.137154,0.139033,0.133092,0.223157,0.11753,0.12933,0.0328884,0.0505322,0.0724877,0.100532,0.138708,0.101716,0.109519,0.102219,0.111943
0.10479,0.167973,0.114621,0.175998,0.130397,0.134087,0.126295,0.150514,0.129557,0.12733,0.125467,0.147984,0.144518,0.163128,0.155055,0.145596,0.124731,0.171239,0.13819,0.12579,0.141798,0.166567,0.130491,0.138061,0.130208,0.167962,0.167697,0.124277,0.132708,0.128251,0.172223,0.164049,0.155327,0.0693073,0.16717,0.209049,0.158716,0.140754,0.130619,0.149215,0.139947,0.142633,0.127719,0.13736,0.165538,0.131605,0.155008,0.136859,0.0458652
-0.00477819,0.197694,0.123537,0.223771,0.18624,0.185042,0.166105,0.216116,0.147404,0.161789,0.166613,0.17858,0.194544,0.179892,0.223599,0.212916,0.183342,0.205968,0.153547,0.16198,0.191884,0.189863,0.168825,0.152669,0.153023,0.22158,0.225315,0.183273,0.181423,0.192695,0.211466,0.221449,0.180139,-0.0529849,0.190635,-0.0282935,0.182495,0.0242272,0.170188,0.178702,0.179096,0.194138,0.186338,0.205329,0.189358,0.168784,0.22311,0.204323,0.0505836
-0.061337,-0.037135,-0.0394451,-0.0665092,0.0969502,0.0878921,-0.0472745,0.170223,0.00647278,-0.0373972,-0.0510754,-0.0352634,0.0777843,0.156842,0.175688,0.163032,0.0927114,-0.0469266,0.129501,-0.0361848,0.0861701,-0.0308793,-0.0557392,0.130689,-0.0166526,0.194727,0.185999,0.0929906,0.0648618,0.123288,0.187319,0.192505,0.0215058,-0.0795634,-0.0320211,0.174209,-0.0313114,0.0937527,-0.0441921,-0.0351021,0.0928743,0.0816305,0.10429,0.141959,-0.0295022,-0.0572938,0.175808,0.143946,-0.0577701
0.132439,0.225861,0.178876,0.224694,0.016783,-0.00130521,0.193255,0.0473076,0.17959,0.19255,0.193799,0.209827,-0.0499705,0.136072,0.048685,0.0481061,0.00889972,0.22554,0.16447,0.192693,-0.0427164,0.225315,0.201741,0.162959,0.185443,0.0777668,0.0607823,0.0090826,-0.048162,0.0371028,0.0954216,0.0716259,-0.0326481,0.0220928,0.224697,0.188438,0.219126,0.265112,0.196128,0.210428,-0.0249564,-0.0477933,0.0244622,0.0405341,0.225676,0.201782,0.0478694,0.0422519,0.133046
0.190234,0.0865788,-0.165167,0.0869984,0.030233,-0.015342,0.0991063,0.051618,0.08789,0.107588,0.101172,0.0915006,-0.233039,0.0153127,0.0425345,0.0634123,0.0156107,0.085954,0.0318087,0.107015,-0.188119,0.0886176,0.117317,0.0305918,0.0971812,-0.0116474,-0.0088138,0.0151423,-0.270536,0.0609331,-0.0055664,-0.0101044,-0.343687,-0.0504788,0.0891531,0.299812,0.0908253,0.327698,0.0953236,0.0920498,-0.0932119,-0.213322,0.042069,0.0694016,0.0885394,0.116678,0.0417126,0.0708274,0.200193
0.0349923,0.166135,0.0796553,0.161297,0.087879,0.0927677,0.150959,0.0900924,0.139969,0.161886,0.156304,0.1582,0.0942153,0.0934562,0.0901344,0.0896361,0.0867531,0.165428,0.101515,0.161174,0.096245,0.167508,0.168153,0.101477,0.153902,0.0722569,0.0700447,0.0872771,0.0838629,0.0921556,0.0774209,0.0678239,0.100425,0.109499,0.169688,0.121699,0.164214,0.0890557,0.151058,0.15736,0.106173,0.097436,0.0908653,0.0895644,0.166861,0.168629,0.0906891,0.0887791,-0.0401736
0.181687,0.166393,0.182576,0.164428,0.203512,0.221846,0.109264,0.17509,0.142304,0.112225,0.106615,0.132723,0.215996,0.181188,0.175644,0.177438,0.212298,0.166586,0.171376,0.112843,0.212301,0.162202,0.0991225,0.171641,0.127461,0.172589,0.172398,0.21088,0.214901,0.189806,0.171321,0.173063,0.207771,0.149046,0.161307,0.241787,0.148971,0.13489,0.112641,0.132696,0.218865,0.214083,0.196052,0.185478,0.16206,0.0990888,0.176263,0.184966,0.210655
0.360671,0.461575,0.391032,0.477371,0.45678,0.439674,0.401158,0.478006,0.429374,0.391303,0.396346,0.432769,0.444933,0.506447,0.478554,0.477747,0.452412,0.466741,0.491695,0.390858,0.440763,0.455067,0.378992,0.490655,0.41139,0.507827,0.492248,0.453699,0.447789,0.476762,0.509898,0.499594,0.435684,0.130835,0.455055,0.337448,0.444175,0.361125,0.40879,0.430949,0.437459,0.446069,0.464479,0.47678,0.453552,0.380095,0.480393,0.476338,0.338865
0.0877368,0.149997,0.0901435,0.146714,0.143031,0.143199,0.0862808,0.114299,0.072167,0.0716259,0.0818158,0.115767,0.148339,0.0704993,0.115792,0.115585,0.144454,0.148722,0.0664719,0.0721171,0.144855,0.14703,0.0725654,0.0660604,0.0729659,0.0863154,0.0990062,0.145172,0.126282,0.131814,0.0787929,0.0900795,0.097811,0.050454,0.146955,0.245293,0.133386,0.26144,0.0914537,0.1152,0.140648,0.14788,0.140684,0.124953,0.146097,0.072961,0.116055,0.124641,0.0526054
0.016159,0.0449651,0.0298125,0.0400192,0.0815081,0.0856893,-0.00429421,0.0654403,-0.0166432,-0.0129297,-0.00555101,0.0136393,0.0916877,0.0235377,0.0672477,0.0653406,0.0852792,0.0454336,-0.00912376,-0.0131169,0.0889503,0.0418916,-0.0127254,-0.0079232,-0.0137357,0.0669591,0.0723514,0.0843265,0.0703065,0.0858777,0.057235,0.0673804,0.0691003,0.0336805,0.0420049,0.122829,0.0296191,0.0685533,-0.000784573,0.0135374,0.0865787,0.0916761,0.0841692,0.0742705,0.0407706,-0.0120478,0.0677587,0.0736682,-0.0155607
0.262644,0.146373,0.255408,0.143678,0.0999762,0.0987397,0.170239,0.14609,0.206581,0.216396,0.180697,0.151189,0.212793,0.166287,0.145408,0.149638,0.0879757,0.144807,0.184594,0.21528,0.214099,0.148827,0.219979,0.183845,0.214036,0.139522,0.138829,0.0884082,0.235911,0.130792,0.145666,0.138616,0.240347,0.0689811,0.148998,0.218407,0.149773,0.286029,0.161536,0.150803,0.186271,0.211585,0.112534,0.14404,0.147815,0.221237,0.144016,0.144055,0.277575
0.296921,0.133925,0.204237,0.0845077,0.242993,0.247455,0.190575,0.264655,0.155596,0.181945,0.192464,0.17203,0.244795,0.181718,0.26499,0.267023,0.246645,0.117623,0.1426,0.18288,0.242607,0.148288,0.188309,0.142132,0.164531,0.255271,0.251449,0.245957,0.226347,0.246701,0.250169,0.250986,0.249782,0.179082,0.148546,0.234852,0.160858,0.262937,0.186403,0.172342,0.245616,0.246045,0.241506,0.257372,0.148527,0.188367,0.265316,0.25693,0.296593
0.0635987,0.0849262,-0.163584,0.0862161,0.00337942,-0.0137299,0.098871,0.0457448,0.0882572,0.106645,0.102467,0.0891726,-0.0735168,0.0756088,0.0474397,0.0427817,-0.00144313,0.0848381,0.0752825,0.104896,-0.0649712,0.0872943,0.111675,0.0749631,0.0968999,0.0839008,0.088621,-0.00185602,-0.115236,0.0293834,0.0779459,0.0913685,-0.196543,-0.0318898,0.0879818,0.109816,0.0887836,0.147427,0.0955532,0.0900855,-0.0435705,-0.0707904,0.0111378,0.0348852,0.0867814,0.111927,0.0479212,0.0333331,0.0675483
0.128914,0.175284,0.18112,0.174035,0.114876,0.11661,0.302416,0.174126,0.214133,0.253775,0.291517,0.241511,0.1283,0.182759,0.174485,0.174852,0.113167,0.173931,0.194641,0.252582,0.128719,0.179964,0.267694,0.194619,0.222955,0.175493,0.177331,0.113665,0.123162,0.138416,0.176925,0.173385,0.135676,0.0438781,0.178255,0.173347,0.207527,0.153232,0.29519,0.240562,0.135041,0.128227,0.119913,0.158959,0.179923,0.267051,0.173415,0.158148,0.11284
0.0695161,0.0355133,0.097534,0.0386021,0.0724249,0.0989002,0.125363,0.0673652,0.0962743,0.113156,0.119115,0.0988037,0.116714,0.0993201,0.0703377,0.0640539,0.0841398,0.0353378,0.106519,0.112887,0.1113,0.0406192,0.113788,0.106412,0.0993109,0.0980021,0.0936661,0.0839139,0.106598,0.059564,0.100087,0.0964847,0.104802,0.0506191,0.0404794,0.102329,0.0615229,0.113876,0.126087,0.0981481,0.106902,0.116681,0.062554,0.0625694,0.0402094,0.112534,0.072024,0.0616127,0.075851
-0.037509,0.121306,0.0515182,0.13316,0.140891,0.147538,0.0736323,0.123655,0.0377261,0.0559131,0.0712854,0.0908997,0.12528,0.0635726,0.122034,0.124319,0.144333,0.126165,0.0303185,0.05661,0.132057,0.11384,0.061133,0.0304121,0.0458448,0.117239,0.118332,0.144333,0.094846,0.140341,0.10735,0.117939,0.0751771,0.0341367,0.113483,0.126809,0.102804,0.0888174,0.077239,0.0903492,0.14097,0.12862,0.140458,0.13204,0.113632,0.0602217,0.122154,0.132206,0.0344006
-0.0286239,0.164288,0.0262401,0.170183,0.069519,0.069313,0.0828226,-0.0751385,0.0464579,0.0541129,0.0757548,0.125457,0.0779868,0.0110056,-0.0754803,-0.0774702,0.0762627,0.166294,0.0296439,0.0540574,0.0760119,0.159506,0.057856,0.0302543,0.0510452,-0.0292995,-0.0442441,0.075991,0.0760862,-0.0303129,-0.0178389,-0.0322784,0.0521169,-0.0649501,0.158326,0.16851,0.142678,0.132065,0.0932894,0.126091,0.0579805,0.0765762,0.0262036,-0.0613835,0.159168,0.0584127,-0.07621,-0.0614353,-0.00838859
0.059913,0.116509,0.0738343,0.0940456,0.0879988,0.0806846,0.0846256,0.113422,0.173788,0.108254,0.0825752,0.10516,0.0726881,0.142541,0.116861,0.11181,0.0840027,0.107976,0.168906,0.108213,0.0725558,0.12023,0.0825577,0.168278,0.141695,0.137549,0.130034,0.0838419,0.0438297,0.101208,0.139487,0.134429,0.0466358,-0.0365644,0.120102,0.152225,0.114618,0.187624,0.0904428,0.104449,0.0742118,0.0719008,0.0918555,0.106335,0.119893,0.0823263,0.116965,0.105995,0.0741075
0.134614,0.0384036,0.11765,0.0428945,0.012668,0.0167303,0.0720985,0.0300547,0.0723711,0.0986718,0.0810347,0.0502179,0.040201,0.0512568,0.0277346,0.0301377,0.0114402,0.0397928,0.057366,0.0980785,0.0355196,0.0394312,0.109705,0.0572748,0.0842991,0.0396565,0.0389301,0.0122916,0.0412226,0.0222335,0.0408644,0.0415127,0.0583268,-0.00256126,0.0403112,0.0933611,0.0441534,0.178255,0.0650291,0.0509728,0.0281705,0.0388162,0.0147809,0.027638,0.0391844,0.11047,0.0271881,0.0273306,0.106599
0.027299,0.191186,0.0428987,0.204068,-0.0327433,0.00613672,0.181562,-0.0334974,0.131346,0.171787,0.186081,0.18416,0.0970308,0.0134889,-0.0355465,-0.0302569,-0.0322036,0.195954,0.0388266,0.172671,0.105399,0.189124,0.190324,0.0381026,0.152416,-0.0385716,-0.0533456,-0.0322039,0.0666912,-0.0328225,-0.0211603,-0.0486124,0.0776565,0.0607291,0.188894,-0.05861,0.184833,-0.0376788,0.182176,0.184304,0.123173,0.101563,-0.0350082,-0.0295527,0.189905,0.190517,-0.0362279,-0.029647,-0.0271759
0.129168,0.206419,0.213187,0.2052,0.210562,0.219088,0.204381,0.223595,0.229676,0.217222,0.205624,0.205072,0.237213,0.236155,0.229721,0.219578,0.213113,0.206134,0.236288,0.21665,0.236639,0.207179,0.214635,0.236474,0.222746,0.239151,0.236198,0.214172,0.186929,0.215953,0.239994,0.235076,0.184479,0.14355,0.207609,0.209776,0.207388,0.258844,0.204432,0.205725,0.226727,0.23807,0.211724,0.218407,0.207049,0.215098,0.228157,0.218825,0.123947
0.127945,0.0829291,0.10745,0.0720542,0.088327,0.097896,0.0899793,0.120944,0.0641429,0.090897,0.0931287,0.0861681,0.10424,0.106449,0.121319,0.118604,0.0910476,0.0803326,0.0599474,0.0897628,0.1006,0.0864252,0.0977274,0.0613228,0.0766386,0.14563,0.134882,0.0907869,0.121168,0.0910806,0.1503,0.135903,0.126991,0.0118826,0.0870754,-0.00749156,0.0865681,0.0449122,0.0876393,0.086706,0.0997835,0.102929,0.0846307,0.106145,0.0859031,0.0986016,0.121985,0.106102,0.146276
0.12993,0.164912,0.188437,0.158994,0.206877,0.199098,0.201373,0.250312,0.222484,0.206872,0.203358,0.182248,0.183748,0.237521,0.253466,0.24837,0.200238,0.163634,0.251013,0.207918,0.189188,0.166907,0.191422,0.251094,0.217679,0.240501,0.246006,0.201157,0.179288,0.222139,0.237395,0.237044,0.183086,0.1426,0.167188,-0.119095,0.174168,-0.0966714,0.197129,0.181967,0.198465,0.188171,0.212228,0.237881,0.167317,0.191166,0.254627,0.237817,0.0872738
0.0793497,-0.00224693,0.0715854,0.011858,0.0803549,0.0877952,-0.0105945,0.0738243,0.050726,0.012588,-0.010111,-0.00620125,0.0977674,0.0845259,0.0773458,0.0685206,0.087693,0.00142197,0.0978211,0.01319,0.0975979,-0.00472452,-0.00630733,0.0988996,0.0322249,0.0756938,0.0789508,0.08774,0.0922063,0.0686657,0.075434,0.0731373,0.100791,0.0121493,-0.00457246,0.125805,-0.00501051,0.0798367,-0.00876009,-0.00652413,0.0909058,0.0996573,0.0731852,0.0690812,-0.00596446,-0.00633161,0.0781107,0.0677828,0.0798134
0.103944,0.16782,0.131609,0.173627,0.173997,0.173935,0.218216,0.1965,0.240813,0.237563,0.223439,0.192488,0.183078,0.209639,0.198979,0.195978,0.174135,0.170078,0.232281,0.237179,0.179183,0.169252,0.233028,0.23276,0.245561,0.21328,0.212297,0.175057,0.173552,0.182282,0.21092,0.210258,0.170217,-0.0508544,0.169977,0.213315,0.1808,0.170132,0.211511,0.192365,0.173205,0.181509,0.176932,0.190797,0.168088,0.233156,0.198169,0.189708,0.108962
0.0925711,0.127018,0.0590802,0.139605,0.0226553,0.0424085,0.0715084,0.026815,0.0231333,0.040679,0.0677722,0.0978769,0.113263,-0.0326786,0.0187069,0.0391605,0.0213862,0.131677,-0.0180025,0.0403381,0.1148,0.122659,0.0521285,-0.0189225,0.0340927,-0.0615096,-0.0579302,0.0219913,0.100802,0.0398156,-0.0524162,-0.0649429,0.088414,0.0896219,0.123808,0.0468252,0.111362,0.115732,0.0774257,0.0989261,0.123539,0.113943,0.0262188,0.0496268,0.121595,0.0532732,0.0191023,0.0492868,0.0892745
-0.0212903,0.0139477,-0.0116441,0.0214174,0.0249369,0.021538,0.112419,-0.0336956,0.0205101,0.0643378,0.105211,0.0934107,0.0183746,0.0382765,-0.0367739,-0.030746,0.0244706,0.0152885,0.00903721,0.0646784,0.0201993,0.0203,0.0890154,0.00852888,0.0270096,0.0248568,-0.000318157,0.0244538,-0.000334345,0.0168303,0.0334849,0.0220952,-0.00294851,-0.0349603,0.0193121,-0.0179412,0.0454038,-0.0230514,0.12085,0.0943835,0.0169497,0.0196635,0.0339231,-0.0139263,0.0200197,0.0889824,-0.0370593,-0.0135532,0.00372028
0.0339912,-0.000490622,0.0761298,-0.0336636,0.0600005,0.0468992,0.0441334,0.0517938,0.0828318,0.0612389,0.0433573,0.033034,0.0354022,0.0831321,0.0533242,0.0493428,0.0612465,-0.0107019,0.11007,0.061447,0.0310136,0.00943243,0.0447922,0.110647,0.0758146,0.077348,0.0623428,0.0610159,0.0381768,0.0669909,0.0808032,0.0697675,0.0319496,0.0282799,0.0101617,-0.0127441,0.0216144,-0.0037579,0.041736,0.0326524,0.0282713,0.0345806,0.0625054,0.0575819,0.00983891,0.0449551,0.0529142,0.0562244,-0.0336507
0.10685,0.0575541,0.0823612,0.0666639,0.141688,0.132522,0.141565,0.161364,0.129672,0.143046,0.147459,0.0925167,0.120474,0.181448,0.161099,0.160452,0.140467,0.0593142,0.145712,0.142251,0.115721,0.0590882,0.141079,0.145854,0.13391,0.184438,0.180811,0.140076,0.131125,0.148553,0.178779,0.184313,0.13734,-0.0765333,0.0588984,0.109332,0.0737804,0.0476188,0.129618,0.0910824,0.109985,0.118656,0.142234,0.15409,0.059247,0.141985,0.161911,0.154388,0.0955191
0.230397,0.254706,0.27125,0.213341,0.28095,0.262683,0.256087,0.299394,0.28613,0.264266,0.25609,0.262218,0.26626,0.277137,0.303983,0.297903,0.276358,0.24344,0.277805,0.265519,0.264163,0.264803,0.255229,0.27719,0.279594,0.28222,0.291163,0.275506,0.244299,0.287295,0.279794,0.279062,0.265224,0.00605159,0.265143,0.247961,0.265781,0.342619,0.256102,0.26181,0.257581,0.265799,0.288007,0.293357,0.264928,0.255345,0.304114,0.294496,0.154964
0.101975,0.251233,0.125233,0.231571,-0.0957553,-0.13809,0.229718,-0.0243607,0.182941,0.216924,0.227317,0.244154,-0.242137,0.103188,-0.0190125,-0.0327278,-0.110134,0.244903,0.122471,0.214093,-0.231931,0.257225,0.229709,0.122067,0.200074,0.0668512,0.0545115,-0.110715,-0.151446,-0.0525668,0.0774807,0.0661636,-0.0221398,-0.0792534,0.258843,0.245259,0.252189,0.282976,0.231389,0.244615,-0.191364,-0.238713,-0.0783306,-0.0466116,0.255454,0.232378,-0.0182084,-0.0465346,0.0689219
0.156306,0.0383744,0.133517,0.0623315,0.201542,0.18833,0.0870223,0.157908,0.113679,0.137321,0.0987288,0.0512143,0.164405,0.0729115,0.153405,0.157552,0.20341,0.0455769,0.0639458,0.137027,0.162979,0.0340956,0.145819,0.0633897,0.125087,0.108881,0.14151,0.203984,0.159936,0.201913,0.0908471,0.126365,0.181989,0.0262446,0.0347456,0.224182,0.0423828,0.208303,0.0760128,0.0517029,0.156125,0.163164,0.207887,0.175248,0.0339444,0.147419,0.153242,0.174356,0.188342
0.0806886,0.0132544,0.0664016,0.00799299,0.0903905,0.0695347,-0.00878781,-0.0349157,0.0170765,0.00424336,-0.00812894,0.00245339,0.0536731,0.0345902,-0.0356579,-0.0362686,0.0824177,0.0112125,0.0494268,0.00279281,0.0512285,0.0149315,0.00307006,0.0502078,0.011245,0.00883152,0.00463635,0.083151,0.0715705,0.0234769,0.0106082,0.00948174,0.0708807,0.0309339,0.0154892,0.190985,0.0110044,0.236556,-0.00823017,0.00301373,0.0515588,0.0544411,0.0908697,-0.0161696,0.0139191,0.0036056,-0.0357718,-0.0170266,0.0656728
-0.0642414,0.0672662,-0.00521904,0.0663413,0.0701183,0.0631586,0.00857008,0.101512,-0.00339631,-0.0206255,0.000475849,0.042316,0.0615879,0.104171,0.104883,0.101433,0.0664255,0.067183,0.0508435,-0.0203762,0.0653254,0.0626125,-0.0224845,0.0517858,-0.0104414,0.144817,0.124682,0.0666776,0.0266795,0.0874061,0.156042,0.137641,0.00355276,-0.0918096,0.0628382,0.0881083,0.0552451,0.0536249,0.0196644,0.0424855,0.070356,0.0644138,0.0760362,0.0959312,0.0627104,-0.0231657,0.104851,0.0957389,-0.0498817
0.279203,0.25341,0.2435,0.267403,0.254612,0.247173,0.203662,0.289164,0.20397,0.196994,0.202002,0.224883,0.254003,0.18726,0.283684,0.288333,0.249623,0.257973,0.193092,0.198256,0.259289,0.246004,0.195933,0.192288,0.201958,0.172377,0.174952,0.250232,0.231723,0.273,0.178594,0.167718,0.235182,0.176838,0.246173,0.326472,0.234654,0.313657,0.208781,0.225099,0.255868,0.256119,0.265619,0.278215,0.247752,0.195767,0.282261,0.277454,0.28753
0.0671344,-0.0120497,0.0597243,-0.00368845,0.055245,0.0398451,-0.0146758,0.050056,0.0945177,0.0340082,-0.0106257,-0.0180718,0.00409348,0.0923138,0.0500829,0.0497366,0.0569495,-0.0102507,0.103794,0.0322756,0.00729648,-0.0146896,0.00864189,0.104153,0.0688596,0.0964185,0.082146,0.056863,-0.00264706,0.0696899,0.0940612,0.0923837,0.0035243,-0.0131395,-0.0139664,-0.0632703,-0.0144349,-0.039226,-0.0169123,-0.0173325,0.015673,0.00592127,0.06211,0.0576156,-0.0159848,0.00797213,0.052026,0.0569369,0.0851041
